sensor,trans_concentrate,trans_Flavour,trans_Sugar_Syrup,trans_Phosphoric_Acid,concentrate,flavour,sugar_Syrup,phosphoric_Acid,Treated_Water,Carbon_filter,Dosing_Station,Sterilization,Chlorine,Mixing_Tank,Particulate_Remover,Batch_Tank,Unfiltered_Water,Carbonator,Bottle_Can_Fill,Type,Plant
0,25.44,24.6,27.88,24.39,25.5,33,24.03,23.71,21.69,23.59,20.51,20.23,21.64,23.3,25.04,24.5,23.66,22.16,22.58,Temp,Tokyo
1,21,22.94,22.45,20.23,21.65,23.77,20.67,22.76,22.4,21.06,22.25,21.92,20.53,22.94,21.91,24.88,20.97,30,21.45,Temp,Tokyo
2,20.26,21.71,20.98,25.65,20.21,20.43,25.19,26.1,24.79,23.94,24.15,22.14,30,20.31,25,21.24,24.61,21.07,21.93,Temp,Tokyo
3,21.04,24.99,24.2,22.62,20.91,24.74,25.52,22.49,21.21,24.24,24.5,24.81,21.24,24.08,24.9,20.45,23.63,22.5,20.61,Temp,Tokyo
4,25,20.73,21.83,24.99,25.75,25.61,31,20.07,21.48,22.61,22.4,23.46,22.15,22.84,25.79,22.49,20.91,22.98,25.84,Temp,Tokyo
0,22.01,24.53,22.59,22.27,20.07,21.11,21.63,22.1,20.2,22.79,24.09,20.01,21.91,21.65,22.58,20.04,24.05,23.5,24.56,Temp,Kyoto
1,22.64,24.79,21.66,22.46,23.73,23.19,23.85,22.83,24.13,20.67,21.72,22.52,23.58,22.29,20.2,20.69,24.38,21.12,23.59,Temp,Kyoto
2,21.84,21.33,20.68,21.91,24.78,22.37,23.17,21.31,21.45,22.34,22.15,24.89,23.51,21.78,20.33,20.33,22.9,24.09,20.03,Temp,Kyoto
3,20.4,21.37,22.35,30.1,23.16,20.76,22.21,20.82,23.87,21.69,22.78,21,24,23.66,23.44,21.33,22.35,23.56,21.67,Temp,Kyoto
4,24.3,22.74,23.16,20.58,23.75,24.21,22.81,21.96,20.85,20.36,22.95,21.69,20.02,22.6,23.85,24.73,23.05,23.39,21.33,Temp,Kyoto
0,21.19,20.83,21.35,20.02,21,24.61,21.83,24.82,23.29,24.53,23.14,23.95,22.58,23.11,24.77,23.62,22.84,22.12,21.15,Temp,Seoul
1,23.55,21.91,23.78,24.33,21.43,24.34,20.36,20.24,24.69,23.42,21.06,24.52,21.56,23.29,20.75,21.54,20.74,20.54,21.75,Temp,Seoul
2,23.39,21.06,22.22,21.48,24.72,22.38,21.31,22.73,24.81,23.18,24.44,24.89,23.95,21.99,23.99,24.52,24.63,24.7,23.63,Temp,Seoul
3,24.53,22.48,23.69,23.07,21.49,22.4,20.14,24.04,21.47,24.61,21.2,21.89,24.76,21.3,24.44,20.37,20.02,24.23,23.95,Temp,Seoul
4,22.91,21.25,21.96,23.36,21.76,22.93,24.32,23.33,23.91,23.3,23.17,20.94,23.86,20.96,29.56,22.28,22.61,22.6,24.81,Temp,Seoul
0,23.76,24.9,21.12,23.34,21.66,23.65,22.82,20.48,20.73,20.19,24.94,20.55,21.85,23.71,23.33,20.26,24.9,23.97,23.88,Temp,Beijing
1,22.87,22.69,21.15,22.96,23.13,23.5,24.55,21.79,23.67,23.99,20.98,21.73,21.4,21.09,20.65,24.44,21.96,20.76,20.68,Temp,Beijing
2,22.74,21.4,22.97,22.29,21.4,24.06,20.95,21.7,24.31,21.65,21.16,20.79,22.94,22.68,22.88,20.86,24.46,24.47,20.14,Temp,Beijing
3,24.31,20.71,23.18,22.45,20.41,20.36,24.79,21.07,21.06,24.63,24.09,23.55,23.57,23.59,22.11,20.36,21.34,24.8,24.81,Temp,Beijing
4,21.83,21.48,21.78,20.82,20.8,20.27,20.75,22.73,24.97,24.5,22.87,22.88,22.36,23.06,26.34,23.39,22.07,24.66,20.45,Temp,Beijing
0,21.14,22.98,23.26,23.15,20.83,20.39,24.23,20.87,20.35,20.14,22.07,22.45,21.25,22.62,22.97,20.46,21.68,23.46,24.85,Temp,Shanghai
1,21.08,24.78,21.94,24.62,21.07,21.83,22.51,24.8,20.13,24.69,23.44,23.53,22.38,20.81,23.85,24.82,22.59,21.83,24.33,Temp,Shanghai
2,21.18,22.18,22.74,21.06,23.62,21.45,20.35,20.72,21.39,24.7,21.77,21.36,22.07,22.75,24.56,23.98,21.25,24.38,21.12,Temp,Shanghai
3,23.31,23.92,22.45,20.58,23.85,22.35,23.74,21.94,23.55,22.91,21.28,22.52,23.69,24.07,23.19,24.33,23.12,24.85,21.24,Temp,Shanghai
4,23.42,20.11,24.68,23.81,24.56,20.03,23.51,23.39,20.37,21.44,20.2,24.89,20.94,23.96,20.36,24,24.76,21.3,20.4,Temp,Shanghai
0,24.8,23.2,20.93,22.86,22.13,22.38,22.57,20.06,23.35,22.55,22.16,20.84,24.83,20.55,22.96,21.19,22.35,21.78,20.05,Temp,Manila
1,20.14,20.09,22.9,20.46,24.37,21.46,24.23,20.47,21.14,29.04,24.53,21.9,24.22,23.21,24.5,22.36,21.79,21.87,21.75,Temp,Manila
2,21.43,21.64,23.95,20.33,20.75,24.91,21.31,23.12,23.2,24.16,21.97,24.73,20.88,20.36,21.95,21.48,21.2,27.92,21.9,Temp,Manila
3,20.48,20.17,23.37,24.91,21.34,21.33,28.2,22.42,20.59,20.45,22.23,20.03,23.35,22.28,20.88,22.35,22.8,23.12,22.82,Temp,Manila
4,24.32,24.1,24.43,23.93,20.03,22.46,21.14,20.55,22.32,23.23,20.84,22.24,23.46,24.7,22.33,22.13,20.6,20.68,21.96,Temp,Manila
0,21.04,24.89,20.37,22.89,23.51,21.58,24.1,24.04,20.98,23.78,23.96,24.02,23.03,21.49,20.86,21.87,24.3,21.08,24.9,Temp,Kuala Lumpur
1,20.78,20.49,21.8,21.07,22.37,23.69,22.56,21.24,22.93,21.2,23.14,20.25,20.96,23.22,24.19,22.84,20.31,24.07,22.29,Temp,Kuala Lumpur
2,21.58,23.7,24.99,21.82,20.6,20.14,21.19,21.36,24.49,23.16,23.09,20.86,24.93,22.67,21.66,22.91,23.91,21.1,21.91,Temp,Kuala Lumpur
3,23.69,21.05,23.34,22.9,23.6,23.46,23.78,22.47,20.22,23.66,23.81,23.43,23.87,23.09,20.44,24.22,22.51,20.56,22.19,Temp,Kuala Lumpur
4,21,21.28,24.96,21.64,20.86,21.38,23.19,22.42,23.9,21.87,23.24,20.95,21.47,24.74,24.17,24.25,21.74,21.61,24.06,Temp,Kuala Lumpur
0,20.2,21.26,21.26,22.66,21.3,22.68,21.96,24.96,21.15,21.54,21.34,21.42,21.63,24.78,22.74,23.64,23.75,20.47,21.55,Temp,Xi'an
1,22.75,23.29,21.03,20.59,21.18,29.27,23.85,23.95,24.43,20.47,20.36,22.61,21.74,20.31,21.43,22.65,21.13,21.12,21.28,Temp,Xi'an
2,24.59,21.4,23.25,21.8,24.71,20.45,22,20.44,20.78,20.33,24.75,21.9,24.99,20.99,23.33,22.89,24.01,22.89,21.67,Temp,Xi'an
3,22.58,21.66,24.72,22.7,21.09,23.51,23.42,21.37,21.94,20.41,22.49,23.68,20.05,24.89,22.15,20.71,20.78,22.19,23.87,Temp,Xi'an
4,22.18,29.16,22.08,20.74,23.2,24.18,21.45,24,22.84,22.13,20.02,23.42,24.04,21.68,22.72,24.47,21.43,20.28,24.08,Temp,Xi'an
0,23.62,21.62,21.42,22.93,24.9,22.69,23.55,24.65,24.62,23.62,21.39,23.1,20.25,24.47,23.59,21.06,20.82,23.88,21.18,Temp,Hong Kong
1,23.16,23.84,22.52,25.75,20.15,23.62,20.07,23.25,24.31,23.61,20.04,22.99,23.38,24.38,20.21,22.92,23.13,24.34,21.62,Temp,Hong Kong
2,23.19,25,24.84,22,20.44,22.9,20.72,24.07,24.32,20.98,21.07,22.8,24.6,21.68,21.69,22.67,24.99,22.85,24.02,Temp,Hong Kong
3,22.78,24.12,24.73,24.77,23.03,20.74,23.02,23.02,22.46,24.78,22.84,20.87,21.62,20.57,22.25,24.49,22.17,22.87,23.49,Temp,Hong Kong
4,21.32,20.64,20.91,24.98,23.97,22.32,22.68,22.87,21.4,23.06,23.27,22.14,20.76,29.65,24.85,24.35,21.87,23.84,24.9,Temp,Hong Kong
0,5,5.35,5.99,5.02,5.74,5.8,5.32,5.57,5.62,5.46,5.34,5.26,5.95,5.37,5.05,5.39,5.43,5.18,5.14,Combo,Tokyo
1,5.63,5.23,5.77,5.15,5.13,5.83,5.14,5.63,5.96,5.97,5.8,5.97,5.34,5.27,5.2,5.88,5.53,5,5.91,Combo,Tokyo
2,5.69,5.04,5.49,5.31,5.27,5.29,5.71,5,5.36,5.24,5.93,5.34,5.9,5.61,5.42,5.75,5.62,5.53,5.26,Combo,Tokyo
3,5.06,5.97,5.03,5.9,5.27,5.59,5.8,5.97,5.97,5.07,5.24,5.8,5.29,5.25,5.4,5.22,5.23,5.86,5.07,Combo,Tokyo
4,5.7,5.08,5.6,5.84,5.47,5.02,5.55,5.22,5.62,5.98,5.2,5.07,5.24,5.63,5.19,5.2,5.1,5.3,5.05,Combo,Tokyo
0,5.22,5.93,5.85,5.52,5.72,5.05,5.57,5.83,5.97,5.74,5.11,5.86,5.21,5.56,5.95,5.28,5.08,5.18,5.33,Combo,Kyoto
1,5.81,5.5,5.23,5.28,5.96,5.35,5.83,5.06,5.78,5.07,5.74,5.82,5.04,5.25,5.57,5.66,5.88,5.87,5.41,Combo,Kyoto
2,5.46,5.94,5.74,5.97,5.3,5.27,6,5.72,5.27,5.04,5.64,5.97,5.42,5.1,5.82,5.61,5.5,5.3,5.07,Combo,Kyoto
3,5.96,5.07,5.29,5.09,5.22,5.23,5.87,5.1,5.03,5.85,5.37,5.87,5.52,5.99,5.41,5.8,5.66,5.69,5.63,Combo,Kyoto
4,5.99,5.99,5.72,5.41,6,5.15,5.41,5.28,5.71,5.06,5.25,5.3,5.07,5.8,5.62,5.85,5.81,5.77,5.48,Combo,Kyoto
0,5.2,5.24,5.82,5.31,5.73,5.84,5.59,5.32,5.93,5.62,5.45,5.9,5.29,5.06,5.89,5.44,5.82,5.79,5.03,Combo,Seoul
1,5.99,5.32,5.16,5.05,5.78,5.82,5.76,5.67,5.37,5.72,5.21,5.9,5.88,5.21,5.22,5.61,5.44,5.68,5.38,Combo,Seoul
2,5.11,5,5.52,5.22,5.22,5.38,5.29,5.63,5.15,5.3,5.17,5.59,5.23,5.33,5.14,5.41,5.09,5.65,5.68,Combo,Seoul
3,5.98,5.03,5.24,5.97,5.82,5.36,5.07,5.71,5.18,5.22,5.41,5.68,5.24,5.04,5.61,5.33,5.26,5.52,5.75,Combo,Seoul
4,5.35,5.34,5.63,5.21,5.53,5.35,5.34,5.67,5.68,5.78,5.22,5.09,5.01,5.2,5.94,5.68,5.07,5.62,5.18,Combo,Seoul
0,5.33,5.6,5.21,5.22,5.93,5.33,5.52,5.32,5.26,5.14,5.46,5.2,5.4,5.56,5.61,5.3,5.64,5.42,5.51,Combo,Beijing
1,5.28,5.1,5.11,5.55,5.28,5.05,5.27,5.24,5,5.14,5.42,5.91,5.07,5.49,5.74,5.74,5.59,5.73,5.12,Combo,Beijing
2,5.35,5.85,5.64,5.35,5.93,5.96,5.15,5.4,5.17,5.56,5.68,6,5.77,5.51,5.56,5.33,5.42,5.3,5.75,Combo,Beijing
3,5.88,5.91,5.46,5.66,5.84,5.77,5.89,5,5.29,5.53,5.75,5.98,5.89,5.66,5.51,5.83,5.16,5.19,5.1,Combo,Beijing
4,5.81,5.66,5.32,5.76,5,5.62,5.09,5.48,5.87,5.92,5.92,5.66,5.37,5.71,5.71,6,5.11,5.39,5.14,Combo,Beijing
0,5.84,5.43,5.34,5.48,5.97,5.36,5.99,5.44,5.5,5.12,5.62,5.88,5.46,5.79,5.13,5.73,5.61,5.44,5.65,Combo,Shanghai
1,5.82,5.69,5.21,6,5.52,5.3,5.02,5.73,5.53,5.43,5.18,5.23,5.36,5.15,5.56,5.18,5.59,5.28,5.86,Combo,Shanghai
2,5.04,5.09,5.28,5.35,5.86,5.53,5.89,5.57,5.55,5.9,5.77,5.48,5.53,5.13,5.84,5.58,5.62,5.87,5.44,Combo,Shanghai
3,5.98,5.56,5.26,5.99,5.72,5.49,5.27,5.4,5.69,5.07,5.3,5.29,5.16,5.36,5.11,5.88,5.82,5.88,5.87,Combo,Shanghai
4,5.74,5.16,5.62,5.61,5.23,5.48,5.1,5.86,5.02,5.31,5.34,5.87,5.93,5.92,5.04,5.34,5.58,5.54,5.44,Combo,Shanghai
0,5.99,5.01,5.88,5.14,5.17,5.57,5.44,5.92,5.18,6,5.93,5.92,5.66,5.75,5.44,5.68,5.17,5.41,5.75,Combo,Manila
1,5.87,5.65,5.28,5.87,5.2,5.11,5.92,5.47,5.46,5.57,5.33,5.65,5.49,5.06,5.55,5.37,5.48,5.84,5.41,Combo,Manila
2,5.72,5.58,5.38,5.58,5.99,5.77,5.18,5.63,5.62,5.76,5.05,5.06,5.12,5.2,5.87,5.25,5.83,5.9,5.99,Combo,Manila
3,5.56,5.63,5.63,5.91,5.3,5.37,5.13,5.23,6,5.26,5.76,5.14,5.26,5.53,5.41,5.56,5.7,5.87,5.71,Combo,Manila
4,5.57,5.36,5.38,5.81,5.13,5.57,5.42,5.08,5.61,5.35,6,5.7,5.46,5.37,5.57,5.04,5.75,5.16,5.65,Combo,Manila
0,5.39,5.22,5.84,5.16,5.31,5.94,5.26,5.24,5,5,5.23,5.17,5.12,5.05,5.2,5.68,5.89,5.2,5,Combo,Kuala Lumpur
1,5.81,5.36,5.66,5.27,5.31,5.9,5.66,5.9,5.74,5.62,5.82,5.01,5.18,5.88,5.57,5.4,5.99,5.69,5.08,Combo,Kuala Lumpur
2,5.03,5.53,5.95,5.38,5.95,5.5,5.22,5.92,5.67,5.36,5.31,5.95,5.31,5.2,5.15,5.22,5.35,5.6,5.5,Combo,Kuala Lumpur
3,5.59,5.74,5.08,5.89,5,5.64,5.29,5.88,5.68,5.16,5.47,5.14,5.57,5.68,5.6,6,5.46,5.98,5.71,Combo,Kuala Lumpur
4,5.23,5.29,5.49,5.57,5.05,5.2,5.77,5.41,5.39,5.69,5,5.2,5.76,5.41,5.04,5.51,5.72,5.29,5.3,Combo,Kuala Lumpur
0,5.72,5.56,5.13,5.7,5.35,5.54,5.12,5.86,5.09,5.82,5.97,5.46,5.16,5.78,5.66,5.94,5.48,5.28,5.4,Combo,Xi'an
1,5.13,5.44,5.87,5.8,5.68,5.71,5.84,5.83,5.77,5.02,5,5.1,5.78,5.03,5.01,5.52,5.21,5.65,5.81,Combo,Xi'an
2,5.83,5.13,5.14,5.33,5.95,5.36,5.88,5.4,5.45,5.8,5.07,5.28,5.38,5.41,5.62,5.06,5.78,5.37,5.33,Combo,Xi'an
3,5.26,5.63,5.48,5.63,5.22,5.19,5.41,5.08,5.18,5.81,5.56,5.15,5.2,5.62,5.39,5.72,5.81,5.93,5.18,Combo,Xi'an
4,5.87,5.77,5.89,5.41,5.29,5.77,5.8,5.39,5.4,5,5.23,5.03,5.3,5.43,5.02,5.36,5.09,5.34,5.18,Combo,Xi'an
0,5.17,5.07,5.64,5.4,5.18,5.15,5.07,5.19,5.5,5.92,5.22,5.74,5.78,5.63,5.82,5.11,5.59,5.93,5.31,Combo,Hong Kong
1,5.65,5.68,5.67,5.1,5.73,5.43,5.89,5.11,5.98,5.35,5.8,5.55,5.9,5.57,5.08,5.78,5.19,5.96,5.34,Combo,Hong Kong
2,6,5.94,5.85,5.21,5.66,5.43,5.41,5.29,5.54,5.85,5.97,5.51,5.11,5.99,5.84,5.9,5.43,5.71,5.44,Combo,Hong Kong
3,5.36,5.9,5.85,5.52,5.55,5.81,5.72,5.25,5.71,5.4,5.61,5.91,5.74,5.69,5.25,5.83,5.65,5.67,5.46,Combo,Hong Kong
4,5.2,5.34,5.51,5.24,5.05,5.15,5.88,5.81,5.74,5.44,5.26,5.17,5.51,5.96,5.75,5.16,5.4,5.78,5.26,Combo,Hong Kong
0,105.74,94.83,109.86,86.77,92.53,95.65,117.46,84.69,94.96,192.38,109.92,108.9,93.02,92,81.54,107.74,87.37,92.52,94.11,Conductivity,Tokyo
1,147.95,109.25,90.55,116.33,115.89,110.74,118.22,118.76,109.66,117.44,114.41,84.77,107.17,110.79,92.48,112.54,99.95,86.11,112.16,Conductivity,Tokyo
2,82.67,114.02,115.21,80.31,109.82,119.39,136.76,85.98,82.36,81.07,114.94,87.77,100.78,95.69,107.93,117.65,98.93,81.5,112.13,Conductivity,Tokyo
3,109.44,115.94,106.35,115.55,115.07,93.23,118.51,102.34,90.63,116.44,109.36,105.62,106.95,119.34,94.2,87.38,101.53,107.22,108.32,Conductivity,Tokyo
4,109.6,115.92,92.95,107.39,116.97,101.89,82.34,94.01,110.87,84.12,96.11,88.1,86.88,104.32,106.36,120.43,101.37,103.04,111.22,Conductivity,Tokyo
0,80.16,116.29,113.72,118.14,106.62,91.06,92.88,99.35,85.64,119.73,114.94,101.64,117.58,109.37,104.71,104.96,88.19,116.4,102.97,Conductivity,Kyoto
1,81.28,83.44,109.91,105.25,108.84,107.43,83.27,114.52,102.11,111.37,115.09,88.07,103.91,82.23,90.84,96.03,114.53,114.89,86.62,Conductivity,Kyoto
2,103.39,98.84,102.93,98.81,114.11,109.2,97.02,84.74,91.02,86.01,82.69,84.41,99.89,104.88,111.38,86.66,84.51,115.72,108.98,Conductivity,Kyoto
3,104.05,185.76,116.94,117.84,92.58,84.75,95.18,119.88,119.98,80.76,84.59,82.48,83.1,113.05,82.28,113.62,90.59,84.13,96.96,Conductivity,Kyoto
4,97.56,106.73,90.25,85.65,162.09,112.09,114.46,116.84,100.79,116.33,105.63,88.99,84.88,107.41,118.1,103.46,88.35,81.93,116.47,Conductivity,Kyoto
0,98.31,112.42,99.28,95.13,82.6,94.73,81.64,99.13,103.6,80.19,106.57,98.9,83.41,108.28,115.31,93.96,81.8,103.54,108.21,Conductivity,Seoul
1,118.25,104.13,106.57,96.93,106.02,88.95,82.77,87.63,82.08,88.25,88.74,105.76,87.86,89.19,96.08,110.87,104.09,114.51,88.94,Conductivity,Seoul
2,98.48,94.95,95.84,101.03,97.01,104.23,82.88,109.08,98.28,99.1,92.75,98.98,106.01,83.17,91.04,106.34,110.25,97.84,106.82,Conductivity,Seoul
3,93.83,86.86,91.29,119.61,95.7,92.5,102.41,112.93,84.01,104.23,87.85,103.04,81.7,93.82,114.96,84.88,103.04,82.62,92.24,Conductivity,Seoul
4,91.35,119.77,99.69,155.13,84.35,114.34,111.8,108.23,113.61,93.32,100.38,101.6,102.05,110.79,87.91,115.52,99.19,105.93,87.78,Conductivity,Seoul
0,117.98,85.18,84.46,97.63,114.01,90.42,81.03,89.99,80.98,97.64,100.58,81.54,98,82.06,80.21,99.12,116.54,87.74,89.42,Conductivity,Beijing
1,83.47,98.55,91.79,98.4,113.63,113.66,93.97,83.86,117.11,89.85,84.16,170.17,108.12,95.31,115.54,111.02,85.73,109.51,109.36,Conductivity,Beijing
2,84.15,94.29,101.36,111.02,104.65,90.58,97.6,88.4,91.77,115.43,133.41,117.96,94.59,87.32,99.29,108.52,107.69,81.65,151.91,Conductivity,Beijing
3,159.41,99.77,93.9,100.57,88.45,103.94,113.46,111.55,106.44,99.36,101.56,94.26,112.2,103.11,95.21,106.16,106.01,88.58,86.47,Conductivity,Beijing
4,93.75,100,97.32,82.27,81.84,108.1,94.04,105.63,106.58,103.65,102.88,117.1,90.97,84.4,103.7,91.88,101.33,87.11,118.04,Conductivity,Beijing
0,88.3,107.56,176.7,105.38,114.07,112.67,81.69,119.23,91.09,80.47,92.28,116.75,119.79,101.63,118.25,92.96,96.71,115.95,85.3,Conductivity,Shanghai
1,91.62,91.41,100.58,97.77,103.47,115.67,112.27,91.83,98.47,87.16,112.64,95.57,106.91,118.79,107.4,89.35,100.43,113.61,87.33,Conductivity,Shanghai
2,118.81,116.73,112.45,86.97,97.61,82.55,88.46,103.3,100.38,114.03,90.3,117.01,84.42,112.35,91.25,85.4,119.39,98.53,115.88,Conductivity,Shanghai
3,114.72,106.16,103.11,102.07,101.73,100.75,80.73,90.43,119.7,106.21,97.81,90.15,92.97,119.01,96.69,116.9,104.76,92.84,99.74,Conductivity,Shanghai
4,177.39,105.05,83.97,112.75,95.18,80.95,114.23,165.8,108.64,118.65,82.53,96.13,90.42,92.8,119.52,111.63,118.22,96.57,100.61,Conductivity,Shanghai
0,81.09,98.7,104.8,87.36,84.8,116.64,96.89,88.15,113.96,116.01,94.17,83.96,87.42,90.7,96.85,90.17,102.8,106.78,110.63,Conductivity,Manila
1,87.81,95.21,81.87,84.33,112.47,119.97,88.02,101.92,110.51,114.4,96.91,119.59,86.19,82.32,103.67,98.3,110.11,108.65,99.29,Conductivity,Manila
2,91.16,172.95,82.71,113.18,109.34,104.47,87.31,100.97,95.01,85.99,118.79,102.57,92.68,118.07,97.46,94.21,81.25,91.97,81.79,Conductivity,Manila
3,93.69,106.22,95.77,100.94,112.95,80.74,81.87,80.01,92.01,83.59,105.47,175.42,111.09,103.41,118.6,101.53,104.47,104.25,101.69,Conductivity,Manila
4,143.97,115.02,107.25,112.76,99.46,92.16,84.16,87.77,85.52,105.52,108.15,98.15,103.82,91.3,98.92,101.84,98.33,102.66,114.83,Conductivity,Manila
0,101.42,118.84,115.98,134.94,81.88,96.26,83.05,101.62,113.25,110.83,111.75,101.8,96.95,103.47,114.23,83.3,112.3,111.64,96.48,Conductivity,Kuala Lumpur
1,82.35,106.04,181.31,98.45,109.16,102.54,135.03,100.33,88.17,95.91,92.13,108.51,90.95,100.29,180.09,105.08,82.5,90.37,83.35,Conductivity,Kuala Lumpur
2,101.29,118.81,80.18,95.63,87.17,111.56,107.53,99.07,97.07,113.65,102.86,108.68,117.16,86.92,85.08,103.53,94.29,173.95,94.64,Conductivity,Kuala Lumpur
3,118.23,113.28,109.68,103.15,110.39,119.91,83.66,87.85,111.71,112.87,98.75,83.85,99.55,97.54,82.9,103.33,105.83,97.49,104.9,Conductivity,Kuala Lumpur
4,142.71,110.69,83.16,101.76,96.18,90.38,98.65,84.85,98.77,119.74,89.36,101.06,118.97,115.66,81.18,110.07,107.41,112.98,85.58,Conductivity,Kuala Lumpur
0,84.72,114.95,87.3,106.87,88.03,104.07,89.77,113.79,84.07,90.32,116.88,95.76,112.81,102.37,103.49,86.65,108.58,85.01,89.36,Conductivity,Xi'an
1,94.17,104.92,109.37,117.7,82.37,105.91,92.77,96.69,104.86,107.9,117.7,105.53,82.61,82.76,117.03,92.43,88.44,91.27,118.15,Conductivity,Xi'an
2,100.05,94.12,99.25,94.47,95.89,95.6,96.18,105.89,94.43,103.34,113.98,116.83,95.23,84.92,110.98,119.89,87.17,80.97,98.85,Conductivity,Xi'an
3,105.49,84.45,92,86.39,92.83,89.77,110.94,85.87,107.29,84.34,98.89,111.88,97.69,119.47,107.84,97.15,94.33,117.71,108.64,Conductivity,Xi'an
4,104.55,96.49,106.44,89.4,96.61,114.95,95.2,104.96,93.73,90.96,97.62,95.58,105.22,86.34,81.09,98.71,114.28,87.28,107.92,Conductivity,Xi'an
0,144.43,116.48,115.73,99.31,85.97,116.8,85.48,113.51,80.25,84.37,97.56,102.06,105.49,81.38,98.19,83.58,85.69,83.92,88.82,Conductivity,Hong Kong
1,119.1,106.86,97.83,112.83,98.8,113.63,114.86,103.54,208.58,112.47,117.44,87.8,102.54,112.7,117.17,84.98,104.23,98.31,88.42,Conductivity,Hong Kong
2,118.64,111.94,82.86,100.38,82.25,101.1,88.12,99.81,96.63,109.02,109.29,115.24,108.09,116.16,105.43,162.08,105.69,110.43,114.75,Conductivity,Hong Kong
3,99.4,83.27,98.68,94.81,105.64,117.12,102.56,89.92,84.39,97.4,100.25,107.57,90.38,172.85,113.13,80.12,99.98,89.05,90.37,Conductivity,Hong Kong
4,106.27,90.19,108.81,81.4,117.07,95.24,100.41,118.25,100.08,93.26,97.42,108.16,90.24,112.76,110.02,104.8,88.89,84.31,81.39,Conductivity,Hong Kong
0,5.43,5.82,5.78,5.92,5.68,5.04,5.27,5.88,5.72,5.42,5.56,5.18,5.92,5.23,5.95,5.32,5.62,5.05,5.96,Flow,Tokyo
1,5.52,5.53,5.99,5.64,5.15,5.25,5.26,5.15,5.78,5.85,6.88,5.62,5.1,5.9,5.58,5.23,5.97,5.61,5,Flow,Tokyo
2,5.19,5.06,5.72,5.25,5.81,5.91,5.03,5.83,5.97,5.93,5.14,5.94,5.25,5.08,5.79,5.67,5.12,5.83,5.27,Flow,Tokyo
3,5.93,5.98,5.92,5.45,5.06,5.75,5.02,5.17,6,5.5,5.27,5.65,5.8,5.39,5.58,5.76,5.01,5.85,5.74,Flow,Tokyo
4,5.74,5.18,5.93,5.38,5.4,6,5.23,5.14,5.06,5.01,5.9,5.74,5.65,5.04,5.19,5.09,5.24,5.48,5.89,Flow,Tokyo
0,5.27,5.38,5.25,5.45,5.07,5.44,5.21,5.45,5.37,5.48,5.44,5.95,5.87,5.36,5.28,7.42,5.51,5.17,5.42,Flow,Kyoto
1,5.66,5.95,5.65,5.99,5.3,5.7,5.72,5.05,5.93,5.22,5.72,5.76,5.87,5.31,5.53,5.81,5.14,5.09,5.35,Flow,Kyoto
2,5.67,5.55,5.12,5.05,5.05,5.23,5.64,5.89,5.61,5.2,5.38,5.93,5.36,5.32,5.27,5.51,5.16,5.08,5.63,Flow,Kyoto
3,5.48,5.45,5.06,5.7,5.55,5.52,5.17,5.13,5.09,5.82,5.98,5.72,5.28,5.14,5.61,5.45,5.69,5.95,5.04,Flow,Kyoto
4,5.7,5.58,5.06,5.14,5.3,5.75,5.53,5.4,5.71,5.22,5.88,5.39,5.96,5.8,5.15,5.82,5.39,5.54,5.09,Flow,Kyoto
0,5.69,5.12,5.58,5.33,5.85,5.07,5.85,5.92,5.79,5.04,5.1,6,5.77,5.1,5.34,5.96,5.69,5.84,5.89,Flow,Seoul
1,6.18,5.45,5.75,5.27,5.74,5.45,5.02,5.54,5.21,5.84,5.7,5.21,5.04,5.58,5.1,5.89,5.82,5.31,5.82,Flow,Seoul
2,5.11,5.54,5.19,5.62,5.43,5.6,6.55,5.42,5.36,6,5.29,5.06,5.21,5.42,5.86,5.76,5.72,7.28,5.07,Flow,Seoul
3,5.3,5.18,5.49,5.73,5.08,5.15,5.37,5.54,5.26,5.94,5.3,5.98,5.65,5.28,5.5,7.33,5.46,5.1,5.84,Flow,Seoul
4,6,5.68,5.28,7.08,5.99,5.3,5.8,5.54,5.56,5.35,5.95,5.51,5.29,5.78,5.79,5.45,5.84,5.77,5.56,Flow,Seoul
0,5.16,5.63,5.95,5.51,5.16,5.09,5.99,5.55,5.68,5.78,5.26,5.91,5.84,5.62,5.34,5.71,5.28,5.39,5.87,Flow,Beijing
1,5.19,5.03,5.27,7.79,5.45,7.26,5.42,5.76,5.11,5.83,5.03,5.51,5.46,5.98,5.48,5.25,5.93,5.57,6.3,Flow,Beijing
2,5.44,5.93,5.98,5.09,5.59,5.43,5.69,5.33,5.02,5.76,5.16,5.06,5.65,6,5.63,5.62,5.46,5.49,5.48,Flow,Beijing
3,7.74,5.36,5.15,5.27,5.48,5.38,5.66,5.78,5.02,5.98,5.59,5.23,5.59,5.79,5.61,5.22,5.6,5.62,5.94,Flow,Beijing
4,5.97,5.94,5.48,5.83,5.92,5.94,5.89,5,5.39,5.73,5.67,5.81,5.92,5.15,5.02,5.43,5.13,5.17,5.49,Flow,Beijing
0,5.42,5.32,5.69,5.71,5.4,5.05,5.59,5.22,5.92,5.88,5.46,5.95,5.83,5.79,5.27,5.54,5.68,5.23,5.51,Flow,Shanghai
1,5.22,5.74,5.37,5.16,5.9,5.42,5.44,5.62,5.73,5.11,5.45,5.93,5.79,5.14,5.49,5.71,5.41,5.51,5.38,Flow,Shanghai
2,5.98,5.73,5.51,5.54,5.24,5.69,5.76,5.43,5.45,5.08,5.04,5.92,5.56,7.93,5.41,5,5.7,5.33,5.07,Flow,Shanghai
3,5.73,5.95,5.2,5.29,5.33,5.15,5.92,5.62,5.26,5.52,5.6,5.21,5.48,5.58,5.97,5.09,5.79,5.38,5.93,Flow,Shanghai
4,5.53,5.54,5.25,5.43,5.34,5.64,5.26,5.96,5.87,5.99,5.8,5.5,5.19,5.51,5.26,5.66,5.45,5.42,5.07,Flow,Shanghai
0,6.37,5,5.46,5.04,5.07,5.63,5.26,5.47,5.75,5.43,6.43,5.67,5.01,5.68,5.73,5.01,5.13,5,5.79,Flow,Manila
1,5.05,5.26,5.3,5.16,5.68,5.38,5.64,5.37,5.89,5.81,6.93,5.22,5.84,5.04,5.36,5.83,5.91,5.76,5.79,Flow,Manila
2,5.49,5.22,5.41,5.09,5.09,5.01,5.86,5.91,5.52,5.32,5.95,5.71,6,5.8,5.55,5.23,5.05,5.32,5.5,Flow,Manila
3,5.62,5.76,5.15,5.25,5.94,5.43,6,5.82,5.44,5.38,5.44,5,5.41,5,5.03,5.5,5.49,5.6,5.34,Flow,Manila
4,5.19,5.33,5.19,5.64,5.77,5.32,5.95,5.98,5.94,5.19,5.14,5.1,5.4,5.34,5.62,5.17,5.45,5.71,5.43,Flow,Manila
0,5.71,5.66,5.11,5.8,5.6,5.22,5.17,5.99,5.77,5.95,5.28,5.45,5.95,5.58,5.09,5.87,5.75,5.19,5.15,Flow,Kuala Lumpur
1,5.46,5.51,5.72,5.28,5.64,5.46,5.94,5.02,5.44,5.92,5.55,5.9,5.68,5.24,5.1,5.72,5.32,5.5,5.25,Flow,Kuala Lumpur
2,5.85,5.57,5.67,5.99,5.1,5.8,5.76,5.23,5.17,5.06,5.41,5.45,5.24,5.99,5.55,5.97,5.92,5.48,5.72,Flow,Kuala Lumpur
3,5.64,5.69,5.36,5.97,5.51,5.71,5.57,5.06,5.23,5.67,5.69,5.97,5.43,5.07,5.83,5.56,5.75,5.51,5.94,Flow,Kuala Lumpur
4,5.71,5.51,5.4,5.53,5.73,5.01,5.46,5.67,5.49,5.37,5.28,5.65,5.97,5.15,5.85,5.21,5.11,5.06,5.79,Flow,Kuala Lumpur
0,5.91,5.92,5.92,5.28,5.25,5.65,5.7,5.41,5.75,5.8,5.88,5.82,5.18,5.93,5.54,5.31,5.14,5.55,7.48,Flow,Xi'an
1,5.9,5.22,5.2,5.99,5.49,5.29,5.33,5.06,5.05,5.69,5.29,5.95,5.67,5.63,5.67,5.29,5.16,5.49,5.76,Flow,Xi'an
2,5.65,5.37,5.55,5.16,5.73,5.01,5.09,5.81,5.59,5.79,5.85,5.8,5.99,5.16,5.73,5.33,5.66,5.08,5.24,Flow,Xi'an
3,5.98,5.4,5.57,5.53,5.96,5.57,5.77,5.09,5.99,5.86,5.04,5.21,5.44,5.45,5.71,6,5.79,5.16,5.51,Flow,Xi'an
4,5.25,5.42,5.98,5.77,5,5.41,5.68,5.48,5.96,5.1,5.09,5.54,5.83,5.05,5.96,5.01,5.8,5.38,5.57,Flow,Xi'an
0,5.45,5.29,5.27,5.71,5.54,5.56,5.37,5.69,5.57,5.53,5.23,5.33,5.29,5.34,5.56,5.7,5.78,6.71,5.22,Flow,Hong Kong
1,5.72,5.53,5.97,5.28,5.17,5.1,5.18,5.86,5.16,5.03,5.43,5.17,5.19,5.82,5.29,5.12,5.24,5.83,5,Flow,Hong Kong
2,5.02,5.41,5.33,5.35,5.89,5.23,5.76,5.69,5.17,5.52,5.48,5.05,5.89,5.5,6.33,5.07,5.63,5.38,5.82,Flow,Hong Kong
3,5.82,5.12,6,5.1,5.71,5.49,5.31,5.01,5.97,5.21,5.61,5.3,5.49,5.83,5.44,5.99,5.22,5.82,5.11,Flow,Hong Kong
4,7.45,5.26,5.17,5.76,5.64,5.93,5.95,5.94,5.38,5.44,5.54,5.4,5.96,5.31,5.37,5.33,5.26,5.86,5,Flow,Hong Kong
0,1.1,1.07,1.23,1.11,1.11,1.09,1.15,1.01,1.13,1.09,1.01,1.08,1.01,1.15,1.13,1.15,1.13,1.3,1.04,Ozone,Tokyo
1,1.06,1.09,1.03,1.1,1.1,1,1.02,1.15,1.11,1.15,1.11,1.11,1.28,1.15,1.12,1.29,1.05,1.07,1.08,Ozone,Tokyo
2,1.15,1.02,1.13,1.1,1.14,1.09,1.26,1.01,1.13,1.11,1.17,1.08,1,1,1.12,1.15,1.06,1.04,1.09,Ozone,Tokyo
3,1.12,1.12,1.09,1.13,1.05,1.12,1.14,1.1,1.12,1.11,1.1,1.12,1.08,1.13,1.1,1.12,1.01,1.07,1.12,Ozone,Tokyo
4,1.01,1,1.1,1.11,1.03,1.06,1.07,1.06,1.03,1.07,1.13,1.03,1.15,1.14,1.08,1.1,1.13,1.11,1.08,Ozone,Tokyo
0,1.14,1.02,1.01,1.13,1.06,1.02,1.12,1.06,1.04,1.01,1.01,1.12,1.15,1.04,1.1,1.06,1.03,1.14,1.08,Ozone,Kyoto
1,1.13,1.14,1.08,1.1,1.01,1.11,1.1,1.03,1.03,1.03,1.1,1.05,1.04,1.11,1.14,1.14,1.13,1.07,1.07,Ozone,Kyoto
2,1.07,1.07,1.06,1.12,1.09,1.05,1.02,1.04,1.02,1.05,1.05,1.05,1.07,1.07,1.13,1.07,1.08,1.03,1.11,Ozone,Kyoto
3,1.09,1.09,1.06,1.12,1.15,1,1.13,1.15,1,1.07,1.01,1,1.02,1.11,1.15,1.08,1.07,1.12,1.13,Ozone,Kyoto
4,1.08,1.12,1.02,1,1.02,1.08,1.02,1.26,1.06,1.03,1.05,1.04,1,1.15,1.02,1.03,1.02,1.04,1.14,Ozone,Kyoto
0,1.01,1,1.02,1.03,1.08,1,1.01,1.03,1.14,1,1.04,1.07,1.09,1.09,1.05,1.02,1.02,1.06,1,Ozone,Seoul
1,1.05,1.03,1.08,1.08,1.1,1.14,1.03,1.1,1.13,1,1.08,1.04,1.05,1,1.02,1.08,1.1,1.11,1.04,Ozone,Seoul
2,1.15,1.06,1.15,1.15,1.15,1,1.11,1.01,1.01,1.03,1.15,1.03,1.15,1.06,1.1,1.05,1.14,1.08,1.06,Ozone,Seoul
3,1.05,1.11,1.07,1.1,1.03,1.03,1.05,1.15,1.01,1,1.11,1.08,1.15,1.03,1.09,1.09,1.02,1.08,1.05,Ozone,Seoul
4,1.01,1.01,1.12,1.1,1.1,1.04,1.03,1.05,1.08,1.09,1,1,1.1,1.07,1.01,1.08,1.14,1.14,1.14,Ozone,Seoul
0,1.13,1.25,1.09,1.15,1.03,1.1,1.09,1.04,1.04,1.01,1.05,1.05,1.06,1.13,1.11,1.15,1.03,1.01,1.05,Ozone,Beijing
1,1.06,1.13,1,1,1.1,1.1,1.05,1.05,1.1,1.04,1.02,1.09,1.03,1.14,1.14,1.11,1.01,1.01,1.02,Ozone,Beijing
2,1.08,1.04,1,1.06,1.03,1,1.14,1.07,1.14,1.07,1.09,1.01,1.03,1.07,1.01,1.11,1.06,1.12,1,Ozone,Beijing
3,1.11,1.1,1.14,1.11,1,1.11,1.11,1.11,1.09,1.15,1.1,1.1,1.06,1.09,1.08,1.09,1.12,1.01,1.02,Ozone,Beijing
4,1.13,1.01,1.12,1.06,1.07,1.11,1.03,1.15,1.06,1.05,1.23,1.15,1.05,1.15,1.21,1.02,1.1,1.04,1.02,Ozone,Beijing
0,1.1,1.01,1,1.04,1.01,1.01,1.09,1.01,1.06,1.03,1.02,1.08,1.02,1,1.01,1.02,1.13,1.11,1.12,Ozone,Shanghai
1,1.07,1.1,1.14,1.14,1.03,1.15,1.07,1.14,1.13,1.09,1.13,1.1,1.04,1.1,1.11,1.05,1.15,1.04,1.04,Ozone,Shanghai
2,1,1.1,1.14,1.1,1.04,1,1.1,1.03,1.11,1.1,1.02,1.1,1.08,1.05,1.08,1.02,1.05,1.11,1.06,Ozone,Shanghai
3,1.03,1.04,1.05,1.15,1.04,1.04,1.01,1.13,1.06,1.07,1.09,1.04,1.14,1.14,1.1,1.03,1.03,1.08,1.07,Ozone,Shanghai
4,1.03,1.01,1,1.11,1.13,1.15,1.11,1.09,1.1,1.02,1.14,1.05,1.09,1.04,1.01,1.26,1.05,1.15,1.04,Ozone,Shanghai
0,1.07,1.15,1.06,1.09,1.11,1.15,1.09,1.13,1.08,1,1,1.03,1.09,1.06,1.08,1.01,1.11,1.11,1.14,Ozone,Manila
1,1.04,1.15,1.15,1.09,1.11,1.12,1.11,1.14,1.14,1.02,1.09,1.05,1.11,1.11,1.05,1.14,1.11,1.08,1.03,Ozone,Manila
2,1.07,1.1,1.08,1.07,1.1,1.07,1.07,1.08,1.15,1.13,1.03,1.05,1.02,1.03,1.04,1.1,1.06,1,1.05,Ozone,Manila
3,1.12,1.07,1.08,1.11,1.05,1.01,1.06,1.07,1.07,1.13,1.13,1.15,1.11,1.1,1.08,1.14,1.11,1.01,1.15,Ozone,Manila
4,1.03,1.01,1.05,1.11,1.12,1.08,1.03,1.05,1.11,1.03,1.05,1.08,1.14,1.13,1.12,1.06,1.05,1.08,1,Ozone,Manila
0,1.09,1.03,1,1.06,1.26,1.03,1.15,1.06,1.07,1.03,1.07,1,1.13,1.1,1.11,1.04,1.14,1.05,1.09,Ozone,Kuala Lumpur
1,1.14,1,1.05,1.09,1.09,1.1,1.07,1.11,1.07,1.11,1.06,1.05,1.08,1.08,1.08,1.09,1.13,1.05,1.01,Ozone,Kuala Lumpur
2,1.11,1.06,1.11,1.01,1.09,1.04,1.04,1.1,1.14,1,1.14,1.01,1.14,1.05,1.14,1.15,1.15,1.07,1.07,Ozone,Kuala Lumpur
3,1.13,1.21,1.04,1.13,1,1.12,1.11,1.13,1.05,1.14,1.03,1.13,1.14,1.1,1.06,1.12,1.11,1.1,1.04,Ozone,Kuala Lumpur
4,1.05,1.13,1.15,1.13,1.04,1.08,1.01,1.07,1.08,1,1.14,1.14,1.06,1.07,1.06,1.05,1.05,1.21,1.08,Ozone,Kuala Lumpur
0,1.05,1.01,1.11,1.14,1.14,1.13,1.13,1.01,1.12,1.01,1,1.13,1.09,1.12,1.09,1.07,1.09,1.12,1.08,Ozone,Xi'an
1,1.14,1.07,1.07,1.12,1.15,1.04,1.12,1.04,1.11,1.04,1.13,1.11,1.07,1.02,1.07,1.08,1.01,1.08,1.03,Ozone,Xi'an
2,1.04,1.02,1.04,1.04,1,1.02,1.09,1.07,1.09,1.02,1.13,1.05,1.12,1.06,1.01,1.11,1.07,1.12,1.15,Ozone,Xi'an
3,1.02,1.12,1.12,1.06,1,1.11,1.09,1.1,1,1.1,1.12,1.04,1.06,1.15,1.15,1.15,1.13,1.05,1.12,Ozone,Xi'an
4,1.03,1.14,1.02,1,1.04,1.08,1.12,1.02,1.12,1.08,1.13,1.01,1.08,1,1.04,1.04,1.05,1.13,1.11,Ozone,Xi'an
0,1.14,1.04,1.11,1.06,1.04,1.04,1.06,1.14,1.05,1,1.03,1,1.06,1.02,1.13,1.03,1.08,1.15,1.09,Ozone,Hong Kong
1,1.03,1.08,1.09,1.02,1.05,1.1,1.1,1.01,1.03,1.11,1.01,1.11,1,1.11,1.01,1.08,1.04,1.01,1.11,Ozone,Hong Kong
2,1.14,1.02,1.07,1.06,1.09,1.07,1.1,1.1,1.15,1.15,1.14,1.26,1.01,1.1,1.15,1.14,1.16,1.09,1.01,Ozone,Hong Kong
3,1.28,1.11,1.11,1.07,1,1.11,1.1,1.08,1.13,1.02,1.03,1.09,1.06,1.14,1.15,1.14,1.08,1.14,1.15,Ozone,Hong Kong
4,1.13,1.06,1.05,1.02,1.01,1.07,1.11,1.15,1.03,1.01,1.15,1.06,1.09,1.12,1.08,1.07,1.08,1.13,1.14,Ozone,Hong Kong
